template;resultado;motivo;licenca_observada;arquivos;kb;referencias_locais_ausentes;dependencias_externas
.github;Descartado;Sem página index.html isolada;MIT do repositório (sem licença individual identificada);4;2;0;0
3-col-portfolio;Descartado;Menor adequação visual ou variedade que os escolhidos;MIT do repositório (sem licença individual identificada);10;420;0;0
_includes;Descartado;Sem página index.html isolada;MIT do repositório (sem licença individual identificada);3;1;0;0
_layouts;Descartado;Sem página index.html isolada;MIT do repositório (sem licença individual identificada);1;2;0;0
above-educational-bootstrap-responsive-template;Descartado;3 referência(s) local(is) ausente(s) no index.html;CC BY 3.0;69;3120;3;1
ace-responsive-coming-soon-template;Descartado;Dependência externa ou menor variedade que os escolhidos;Atribuição requerida;31;453;0;1
add-life-health-fitness-free-bootstrap-html5-template;Descartado;README próprio proíbe redistribuição ou revenda;CC BY 3.0;89;2481;2;0
aerosky-real-estate-html-responsive-website-template;Descartado;README próprio proíbe redistribuição ou revenda;CC BY 3.0;83;3960;0;1
agile-agency-free-bootstrap-web-template;Descartado;README próprio proíbe redistribuição ou revenda;CC BY 3.0;108;3270;0;3
alive-responsive-coming-soon-template;Descartado;Dependência externa ou menor variedade que os escolhidos;MIT do repositório (sem licença individual identificada);59;3419;0;3
amaze-photography-bootstrap-html5-template;Descartado;README próprio proíbe redistribuição ou revenda;CC BY 3.0;61;3471;0;0
aroma-beauty-and-spa-responsive-bootstrap-template;Descartado;README próprio proíbe redistribuição ou revenda;CC BY 3.0;88;2645;2;0
assets;Descartado;Sem página index.html isolada;MIT do repositório (sem licença individual identificada);51;28144;0;0
atlanta-free-business-bootstrap-template;Descartado;1 referência(s) local(is) ausente(s) no index.html;CC BY 3.0;61;1964;1;3
avenger-multi-purpose-responsive-html5-bootstrap-template;Descartado;README próprio proíbe redistribuição ou revenda;CC BY 3.0;75;3459;2;0
b-school-free-education-html5-website-template;Descartado;Dependência externa ou menor variedade que os escolhidos;MIT do repositório (sem licença individual identificada);94;3380;0;3
basic-free-html5-template-for-multi-purpose;Descartado;3 referência(s) local(is) ausente(s) no index.html;CC BY 3.0;69;2637;3;1
beauty-salon-bootstrap-html5-template;Descartado;README próprio proíbe redistribuição ou revenda;CC BY 3.0;61;3831;0;0
bestro-restaurant-bootstrap-html5-template;Descartado;README próprio proíbe redistribuição ou revenda;CC BY 3.0;86;3941;3;1
blazer-responsive-html5-coming-soon-template;Descartado;README próprio proíbe redistribuição ou revenda;CC BY 3.0;21;1320;6;4
brand-html5-app-landing-page-responsive-web-template;Descartado;README próprio proíbe redistribuição ou revenda;CC BY 3.0;59;4209;0;3
businessline-corporate-portfolio-bootstrap-responsive-web-template;Descartado;Dependência externa ou menor variedade que os escolhidos;Atribuição requerida;97;5424;0;3
businessr-corporate-bootstrap-responsive-web-template;Descartado;README próprio proíbe redistribuição ou revenda;CC BY 3.0;57;3192;0;2
car-care-auto-mobile-html5-bootstrap-web-template;Descartado;3 referência(s) local(is) ausente(s) no index.html;CC BY 3.0;72;3022;3;1
car-repair-html5-bootstrap-template;Descartado;README próprio proíbe redistribuição ou revenda;CC BY 3.0;76;3960;2;0
car-zone-automobile-bootstrap-responsive-web-template;Descartado;3 referência(s) local(is) ausente(s) no index.html;MIT do repositório (sem licença individual identificada);53;3413;3;1
city-square-bootstrap-responsive-web-template;Selecionado;Incluído após correções e teste no navegador;Atribuição requerida;99;2593;0;3
cloud-hosting-free-bootstrap-responsive-website-template;Descartado;README próprio proíbe redistribuição ou revenda;CC BY 3.0;85;2924;2;0
clouds-html5-multipurpose-landing-page-template;Descartado;README próprio proíbe redistribuição ou revenda;CC BY 3.0;58;3796;0;3
coffee-shop-free-html5-template;Selecionado;Incluído após correções e teste no navegador;MIT do repositório (sem licença individual identificada);33;1732;0;2
coming-soon-responsive-theme-jack;Descartado;Dependência externa ou menor variedade que os escolhidos;CC BY 3.0;9;130;0;1
creative-bee-corporate-free-html5-web-template;Descartado;README próprio proíbe redistribuição ou revenda;CC BY 3.0;71;3111;3;1
creative-free-responsive-html5-business-template;Descartado;1 referência(s) local(is) ausente(s) no index.html;CC BY 3.0;47;2508;1;0
css3-bw;Descartado;3 referência(s) local(is) ausente(s) no index.html;MIT do repositório (sem licença individual identificada);25;568;3;0
css3-drop-shadows;Descartado;Dependência externa ou menor variedade que os escolhidos;MIT do repositório (sem licença individual identificada);1;6;0;1
css3-photo-two;Descartado;Menor adequação visual ou variedade que os escolhidos;MIT do repositório (sem licença individual identificada);25;508;0;0
css3-seascape;Descartado;Menor adequação visual ou variedade que os escolhidos;MIT do repositório (sem licença individual identificada);25;481;0;0
css3-seascape-two;Descartado;Menor adequação visual ou variedade que os escolhidos;MIT do repositório (sem licença individual identificada);28;870;0;0
darktouch-corporate-portfolio-bootstrap-responsive-web-template;Descartado;Dependência externa ou menor variedade que os escolhidos;Atribuição requerida;100;2924;0;3
delight-multi-purpose-free-html5-website-template;Descartado;README próprio proíbe redistribuição ou revenda;CC BY 3.0;72;3828;3;1
delite-music-html5-bootstrap-responsive-web-template;Descartado;Dependência externa ou menor variedade que os escolhidos;MIT do repositório (sem licença individual identificada);101;2956;0;3
dreamy;Descartado;Menor adequação visual ou variedade que os escolhidos;MIT do repositório (sem licença individual identificada);24;2168;0;0
drifting;Descartado;1 referência(s) local(is) ausente(s) no index.html;MIT do repositório (sem licença individual identificada);13;38;1;0
droll;Descartado;1 referência(s) local(is) ausente(s) no index.html;MIT do repositório (sem licença individual identificada);2;10;1;0
eat-restaurant-bootstrap-html5-template;Descartado;README próprio proíbe redistribuição ou revenda;CC BY 3.0;49;4153;0;2
elegant-free-multi-purpose-bootstrap-responsive-template;Descartado;README próprio proíbe redistribuição ou revenda;CC BY 3.0;85;2796;2;0
endure-html5-responsive-coming-soon-template;Descartado;README próprio proíbe redistribuição ou revenda;CC BY 3.0;40;445;1;1
enlive-corporate-free-html5-bootstrap-web-template;Descartado;README próprio proíbe redistribuição ou revenda;CC BY 3.0;96;3385;2;0
everest-corporate-business-bootstrap-template;Descartado;README próprio proíbe redistribuição ou revenda;CC BY 3.0;72;3481;3;1
extent;Descartado;1 referência(s) local(is) ausente(s) no index.html;MIT do repositório (sem licença individual identificada);2;7;1;0
fiber-hosting-bootstrap-website-template;Descartado;3 referência(s) local(is) ausente(s) no index.html;CC BY 3.0;71;2549;3;1
fit-healthy-fitness-and-gym-html5-bootstrap-theme;Descartado;README próprio proíbe redistribuição ou revenda;CC BY 3.0;76;4204;2;0
fitness-zone-html5-bootstrap-responsive-web-template;Descartado;Dependência externa ou menor variedade que os escolhidos;MIT do repositório (sem licença individual identificada);110;4117;0;3
foodz-mobile-app-bootstrap-landing-page;Descartado;README próprio proíbe redistribuição ou revenda;CC BY 3.0;76;2440;3;3
frames-corporate-bootstrap-free-html5-template;Descartado;README próprio proíbe redistribuição ou revenda;CC BY 3.0;85;2576;2;0
free-bootstrap-admin-template-dream;Descartado;1 referência(s) local(is) ausente(s) no index.html;CC BY 3.0;32;1801;1;1
free-bootstrap-template-for-multi-purpose-ladder;Descartado;3 referência(s) local(is) ausente(s) no index.html;CC BY 3.0;70;2791;3;1
free-bootstrap-template-real-estate-my-home;Descartado;Dependência externa ou menor variedade que os escolhidos;MIT do repositório (sem licença individual identificada);115;4233;0;3
free-bootstrap-template-restaurant-website-treehut;Selecionado;Incluído após correções e teste no navegador;MIT do repositório (sem licença individual identificada);119;3572;0;3
free-bootstrap-template-rockline-business;Descartado;Dependência externa ou menor variedade que os escolhidos;MIT do repositório (sem licença individual identificada);111;3561;0;3
free-portfolio-html5-responsive-website-sam;Selecionado;Incluído após correções e teste no navegador;Atribuição requerida;57;1749;0;3
full-slider;Descartado;1 referência(s) local(is) ausente(s) no index.html;MIT do repositório (sem licença individual identificada);10;420;1;0
funky-cool-blue;Descartado;Menor adequação visual ou variedade que os escolhidos;MIT do repositório (sem licença individual identificada);19;1632;0;0
getdoctor-free-bootstrap-responsive-website-template;Selecionado;Incluído após correções e teste no navegador;CC BY 3.0;80;4034;0;3
gila;Descartado;2 referência(s) local(is) ausente(s) no index.html;MIT do repositório (sem licença individual identificada);4;17;2;0
glips-responsive-free-coming-soon-bootstrap-template;Descartado;README próprio proíbe redistribuição ou revenda;CC BY 3.0;57;1622;1;3
golden-hotel-free-html5-bootstrap-web-template;Descartado;README próprio proíbe redistribuição ou revenda;CC BY 3.0;96;3081;2;0
grand-free-bootstrap-responsive-website-template;Selecionado;Incluído após correções e teste no navegador;CC BY 3.0;54;2654;0;0
grandure-bootstrap-free-coming-soon-template;Descartado;README próprio proíbe redistribuição ou revenda;CC BY 3.0;21;1043;6;4
grass-stains;Descartado;1 referência(s) local(is) ausente(s) no index.html;MIT do repositório (sem licença individual identificada);13;34;1;0
green-corp-flat-free-responsive-mobile-website;Selecionado;Incluído após correções e teste no navegador;Atribuição requerida;89;2601;0;3
greenery;Descartado;1 referência(s) local(is) ausente(s) no index.html;MIT do repositório (sem licença individual identificada);16;41;1;0
gunmetal-portal;Descartado;Menor adequação visual ou variedade que os escolhidos;MIT do repositório (sem licença individual identificada);7;15;0;0
half-slider;Descartado;1 referência(s) local(is) ausente(s) no index.html;MIT do repositório (sem licença individual identificada);10;420;1;0
html5-portfolio;Descartado;2 referência(s) local(is) ausente(s) no index.html;MIT do repositório (sem licença individual identificada);68;2233;2;1
html5-responsive-coming-soon-page;Descartado;Dependência externa ou menor variedade que os escolhidos;CC BY 3.0;16;338;0;1
hybrid-bootstrap-admin-template;Descartado;1 referência(s) local(is) ausente(s) no index.html;CC BY 3.0;45;1949;1;1
iam-html5-responsive-portfolio-resume-template;Descartado;4 referência(s) local(is) ausente(s) no index.html;CC BY 3.0;90;4214;4;3
iclick-photography-bootstrap-free-website-template;Descartado;README próprio proíbe redistribuição ou revenda;CC BY 3.0;56;2734;0;0
icon-real-estate-developers-free-responsive-html-template;Descartado;README próprio proíbe redistribuição ou revenda;CC BY 3.0;80;3556;0;1
idata-hosting-free-bootstrap-responsive-website-template;Descartado;README próprio proíbe redistribuição ou revenda;CC BY 3.0;85;2914;2;0
ideal-interior-design-free-bootstrap-website-template;Descartado;README próprio proíbe redistribuição ou revenda;CC BY 3.0;99;2984;1;3
indus-free-coming-soon-bootstrap-responsive-template;Descartado;README próprio proíbe redistribuição ou revenda;CC BY 3.0;21;1096;6;4
insight-free-bootstrap-html5-admin-template;Descartado;1 referência(s) local(is) ausente(s) no index.html;CC BY 3.0;38;2276;1;1
interio;Descartado;Menor adequação visual ou variedade que os escolhidos;MIT do repositório (sem licença individual identificada);70;1841;0;0
internet-portal;Descartado;Menor adequação visual ou variedade que os escolhidos;MIT do repositório (sem licença individual identificada);17;28;0;0
john-bootstrap-one-page-html5-free-resume-template;Descartado;README próprio proíbe redistribuição ou revenda;CC BY 3.0;58;2862;0;0
johndoe-portfolio-resume-bootstrap-template;Descartado;2 referência(s) local(is) ausente(s) no index.html;CC BY 3.0;89;2815;2;4
kavin-corporate-bootstrap-responsive-web-template;Descartado;README próprio proíbe redistribuição ou revenda;CC BY 3.0;72;3123;3;1
lazydays;Descartado;1 referência(s) local(is) ausente(s) no index.html;MIT do repositório (sem licença individual identificada);21;74;1;0
learn-educational-free-responsive-web-template;Selecionado;Incluído após correções e teste no navegador;CC BY 3.0;63;2236;0;3
light-coming-soon-html-responsive-template;Descartado;README próprio proíbe redistribuição ou revenda;CC BY 3.0;29;1412;0;4
line-free-app-landing-page-responsive-web-template;Descartado;Dependência externa ou menor variedade que os escolhidos;MIT do repositório (sem licença individual identificada);92;3247;0;3
lovely-wedding-bootstrap-free-website-template;Descartado;README próprio proíbe redistribuição ou revenda;CC BY 3.0;50;3697;0;0
matrix-free-bootstrap-admin-template;Descartado;1 referência(s) local(is) ausente(s) no index.html;CC BY 3.0;36;1867;1;1
me-resume-personal-portfolio-responsive-template;Selecionado;Incluído após correções e teste no navegador;Atribuição requerida;51;1594;0;3
medplus-medical;Descartado;README próprio proíbe redistribuição ou revenda;CC BY 3.0;108;3164;0;3
mentor-free-html5-bootstrap-coming-soon-template;Descartado;README próprio proíbe redistribuição ou revenda;CC BY 3.0;55;1254;1;3
metropolis;Descartado;Menor adequação visual ou variedade que os escolhidos;MIT do repositório (sem licença individual identificada);6;54;0;0
midway-free-html5-website-template-for-multi-purpose;Descartado;README próprio proíbe redistribuição ou revenda;CC BY 3.0;47;1994;1;1
missunderstood;Descartado;Menor adequação visual ou variedade que os escolhidos;MIT do repositório (sem licença individual identificada);5;23;0;0
mobile-app-free-one-page-responsive-html5-landing-page;Descartado;README próprio proíbe redistribuição ou revenda;CC BY 3.0;75;1969;3;3
mobile-app-landing-page-html5-template;Descartado;1 referência(s) local(is) ausente(s) no index.html;CC BY 3.0;71;3766;1;2
moon-free-bootstrap-coming-soon-template;Descartado;1 referência(s) local(is) ausente(s) no index.html;Atribuição requerida;59;3056;1;3
moto-business-html5-responsive-web-template;Descartado;3 referência(s) local(is) ausente(s) no index.html;CC BY 3.0;72;2983;3;1
my-portfolio-two;Descartado;Menor adequação visual ou variedade que os escolhidos;MIT do repositório (sem licença individual identificada);24;770;0;0
next-responsive-coming-soon-bootstrap-template;Descartado;README próprio proíbe redistribuição ou revenda;CC BY 3.0;57;2444;1;3
ninja-business-consulting-html-responsive-web-template;Descartado;3 referência(s) local(is) ausente(s) no index.html;CC BY 3.0;72;2732;3;1
one-page-wonder;Descartado;1 referência(s) local(is) ausente(s) no index.html;MIT do repositório (sem licença individual identificada);10;422;1;0
orange-coming-soon-html-responsive-template;Descartado;README próprio proíbe redistribuição ou revenda;CC BY 3.0;40;445;1;1
park-city-bootstrap-html-real-estate-responsive-template;Selecionado;Incluído após correções e teste no navegador;CC BY 3.0;69;3182;3;1
photo-art;Descartado;Menor adequação visual ou variedade que os escolhidos;MIT do repositório (sem licença individual identificada);83;1328;0;0
photo-style-two;Descartado;Menor adequação visual ou variedade que os escolhidos;MIT do repositório (sem licença individual identificada);28;964;0;0
plain;Descartado;Menor adequação visual ou variedade que os escolhidos;MIT do repositório (sem licença individual identificada);12;17;0;0
portfolio-item;Descartado;Menor adequação visual ou variedade que os escolhidos;MIT do repositório (sem licença individual identificada);10;419;0;0
prosimii;Descartado;1 referência(s) local(is) ausente(s) no index.html;MIT do repositório (sem licença individual identificada);6;29;1;0
real-estate-builders-free-responsive-website-templates-adesign;Descartado;Dependência externa ou menor variedade que os escolhidos;CC BY 3.0;83;2863;0;1
relax-interior-free-bootstrap-responsive-website-template;Descartado;Menor adequação visual ou variedade que os escolhidos;CC BY 3.0;57;3354;0;0
relic-portal;Descartado;1 referência(s) local(is) ausente(s) no index.html;MIT do repositório (sem licença individual identificada);8;42;1;0
retro-free-consulting-responsive-html5-website-template;Descartado;1 referência(s) local(is) ausente(s) no index.html;CC BY 3.0;66;2895;1;3
reveal;Descartado;1 referência(s) local(is) ausente(s) no index.html;MIT do repositório (sem licença individual identificada);88;4398;1;1
rider-free-multi-purpose-bootstrap-template;Descartado;Dependência externa ou menor variedade que os escolhidos;CC BY 3.0;82;3443;0;1
rocket-business-bootstrap-free-responsive-web-theme;Descartado;Menor adequação visual ou variedade que os escolhidos;CC BY 3.0;58;2834;0;0
sample_site;Descartado;11 referência(s) local(is) ausente(s) no index.html;MIT do repositório (sem licença individual identificada);39;2080;11;6
sb-admin;Descartado;Dependência externa ou menor variedade que os escolhidos;MIT do repositório (sem licença individual identificada);56;1167;0;3
sb-admin-2;Descartado;2 referência(s) local(is) ausente(s) no index.html;MIT do repositório (sem licença individual identificada);80;2522;2;2
scenic-photo;Descartado;Menor adequação visual ou variedade que os escolhidos;MIT do repositório (sem licença individual identificada);22;502;0;0
school-educational-html5-template;Descartado;README próprio proíbe redistribuição ou revenda;CC BY 3.0;77;3717;3;1
simple-sidebar;Descartado;1 referência(s) local(is) ausente(s) no index.html;MIT do repositório (sem licença individual identificada);10;420;1;0
simply-bootstrap-coming-soon-template;Descartado;README próprio proíbe redistribuição ou revenda;CC BY 3.0;29;1372;0;4
sinorca;Descartado;1 referência(s) local(is) ausente(s) no index.html;MIT do repositório (sem licença individual identificada);5;21;1;0
skytouch-onepage-bootstrap-responsive-web-template;Selecionado;Incluído após correções e teste no navegador;Atribuição requerida;71;1680;0;3
smart-interior-designs-html5-bootstrap-web-template;Descartado;README próprio proíbe redistribuição ou revenda;CC BY 3.0;99;4351;2;0
smartapp-free-html5-landing-page;Descartado;1 referência(s) local(is) ausente(s) no index.html;CC BY 3.0;71;4313;1;2
speed-hosting-bootstrap-free-html5-template;Descartado;README próprio proíbe redistribuição ou revenda;CC BY 3.0;86;2820;2;0
startbootstrap-agency-1.0.2;Selecionado;Incluído após correções e teste no navegador;Apache-2.0;85;3913;2;7
startbootstrap-clean-blog-1.0.2;Selecionado;Incluído após correções e teste no navegador;Apache-2.0;30;1746;0;5
startbootstrap-freelancer-1.0.2;Selecionado;Incluído após correções e teste no navegador;Apache-2.0;64;1662;2;5
startbootstrap-grayscale-1.0.3;Selecionado;Incluído após correções e teste no navegador;Apache-2.0;55;1644;0;4
startbootstrap-sb-admin-1.0.2;Selecionado;Incluído após correções e teste no navegador;Apache-2.0;68;2038;0;2
startbootstrap-sb-admin-2-1.0.5;Selecionado;Incluído após correções e teste no navegador;Apache-2.0;755;7535;0;0
startbootstrap-stylish-portfolio-1.0.2;Selecionado;Incluído após correções e teste no navegador;Apache-2.0;53;1751;0;3
street-life;Descartado;Menor adequação visual ou variedade que os escolhidos;MIT do repositório (sem licença individual identificada);8;51;0;0
styleinn-bootstrap-interior-design-website-template;Descartado;README próprio proíbe redistribuição ou revenda;CC BY 3.0;81;2580;0;1
stylish-bootstrap-coming-soon-template;Descartado;README próprio proíbe redistribuição ou revenda;CC BY 3.0;29;1332;0;4
stylish-portfolio;Descartado;Menor adequação visual ou variedade que os escolhidos;MIT do repositório (sem licença individual identificada);49;1463;0;0
swifty-business-html5-website-template;Descartado;README próprio proíbe redistribuição ou revenda;CC BY 3.0;75;3402;3;1
target-multipurpose-free-bootstrap-responsive-template;Descartado;1 referência(s) local(is) ausente(s) no index.html;CC BY 3.0;68;2798;1;1
team-business-flat-bootstrap-html5-template;Descartado;README próprio proíbe redistribuição ou revenda;CC BY 3.0;86;3162;0;0
tech-city-free-coming-soon-bootstrap-responsive-template;Descartado;README próprio proíbe redistribuição ou revenda;CC BY 3.0;29;1389;0;4
techking-free-html5-template-for-corporate-business;Descartado;README próprio proíbe redistribuição ou revenda;CC BY 3.0;85;2544;0;0
techro;Descartado;Dependência externa ou menor variedade que os escolhidos;CC BY 3.0;57;1836;0;3
the-best-wedding-free-bootstrap-template;Descartado;README próprio proíbe redistribuição ou revenda;CC BY 3.0;57;2195;0;3
theme-changer-template;Descartado;Dependência externa ou menor variedade que os escolhidos;MIT do repositório (sem licença individual identificada);3;3;0;3
themer-bootstrap-responsive-web-template;Descartado;1 referência(s) local(is) ausente(s) no index.html;Atribuição requerida;94;4520;1;3
thin-green-line;Descartado;Menor adequação visual ou variedade que os escolhidos;MIT do repositório (sem licença individual identificada);10;14;0;0
times-corporate-portfolio-bootstrap-responsive-web-template;Descartado;1 referência(s) local(is) ausente(s) no index.html;MIT do repositório (sem licença individual identificada);101;3089;1;3
touch-hospital-medical-bootstrap-html5-template;Descartado;README próprio proíbe redistribuição ou revenda;CC BY 3.0;88;3364;0;1
traveller-bootstrap-responsive-web-template;Selecionado;Incluído após correções e teste no navegador;Atribuição requerida;99;3886;0;3
trendset-coming-soon-responsive-theme;Descartado;Dependência externa ou menor variedade que os escolhidos;CC BY 3.0;40;587;0;1
trendy-free-bootstrap-responsive-website-template;Descartado;Menor adequação visual ou variedade que os escolhidos;CC BY 3.0;54;2647;0;0
unique-free-responsive-html5-template;Descartado;Menor adequação visual ou variedade que os escolhidos;CC BY 3.0;44;1823;0;0
vcare-free-html5-template-hospital-website;Descartado;3 referência(s) local(is) ausente(s) no index.html;CC BY 3.0;72;2847;3;1
vento-coming-soon-responsive-theme;Descartado;Dependência externa ou menor variedade que os escolhidos;CC BY 3.0;40;804;0;1
vibe-free-html5-template-for-corporate-website;Descartado;README próprio proíbe redistribuição ou revenda;CC BY 3.0;84;3144;0;0
vibrant-corporate-bootstrap-responsive-website-template;Descartado;1 referência(s) local(is) ausente(s) no index.html;CC BY 3.0;95;3891;1;3
victory-educational-institution-free-html5-bootstrap-template;Descartado;README próprio proíbe redistribuição ou revenda;CC BY 3.0;75;3159;2;0
viver-free-html5-bootstrap-coming-soon-template;Descartado;README próprio proíbe redistribuição ou revenda;CC BY 3.0;58;1709;0;3
vone-free-business-html5-responsive-website;Descartado;1 referência(s) local(is) ausente(s) no index.html;CC BY 3.0;65;2727;1;3
vteam-a-corporate-multipurpose-free-bootstrap-responsive-template;Descartado;1 referência(s) local(is) ausente(s) no index.html;CC BY 3.0;62;2516;1;3
webtrends-free-bootstrap-responsive-web-template;Descartado;Dependência externa ou menor variedade que os escolhidos;Atribuição requerida;74;1708;0;2
wedding-bells-free-responsive-html5-template;Descartado;README próprio proíbe redistribuição ou revenda;CC BY 3.0;34;1753;0;2
wow-portfolio-multi-purpose-html5-template;Selecionado;Incluído após correções e teste no navegador;CC BY 3.0;55;2650;0;0
zenlike;Descartado;Menor adequação visual ou variedade que os escolhidos;MIT do repositório (sem licença individual identificada);22;92;0;0
